﻿<?xml version="1.0" encoding="UTF-8" standalone="yes"?>
<addon id="repository.lastship.common" name="Lastship Libraries Repository" version="1.0.3" provider-name="Lastship Team">
    <extension point="xbmc.addon.repository" name="TVADDONS.ag Libraries Repository">
        <info compressed="false">https://github.com/lastship/lastship-common/raw/master/addons.xml</info>
        <checksum>https://github.com/lastship/lastship-common/raw/master/addons.xml.md5</checksum>
		<datadir zip="true">https://github.com/lastship/lastship-common/raw/master/zips/</datadir>
    </extension>
    <extension point="xbmc.addon.metadata">
        <summary>Faster Updating of Common Libraries for Kodi</summary>
        <description>This repository contains intermediate builds of libraries commonly used by TVAddons Kodi addons, Brought to you by TVADDONS.ag</description>
        <platform>all</platform>
    </extension>
</addon>

